well,sample,strain,repetition,treatment,k,n0,r,t_mid,t_gen,auc_l,auc_e,sigma,note
B2,Rdp1 1,Δ rdp1,1,YES,1.86163552290707,0.00568511001729664,6.94557413047149e-05,83337.9877291883,9979.69595514046,69157.2787721793,69074.1,0.0107754570866826,
C2,Rdp1 1,Δ rdp1,2,YES,1.93007933687893,0.00669401751672649,6.85714505777277e-05,82550.7967578653,10108.3931391278,73188.0764651245,72984.3,0.00943402074776803,
D2,Rdp1 2,Δ rdp1,1,YES,1.89308054710379,0.00573039321268529,6.38549990878916e-05,90786.0781494647,10855.018251678,58501.0187637434,58249.8,0.00670527693108945,
E2,Rdp1 2,Δ rdp1,2,YES,2.00666023487226,0.0102516084369275,5.88146961680739e-05,89631.8588396222,11785.2718065422,65022.3174635093,64854,0.00722214922446545,
F2,Rdp1 3,Δ rdp1,1,YES,1.89841572980439,0.00709678005246474,6.24639186246599e-05,89417.8379649372,11096.7610713795,61149.874908506,61484.4,0.00991540056340085,
G2,Rdp1 3,Δ rdp1,2,YES,1.90929875375616,0.00463690018786602,6.64067921182789e-05,90623.4662920145,10437.8958604921,58839.8813812173,59238.9,0.0117317383263813,
B3,Chp2 1,Δ chp2,1,YES,1.67384605349315,0.00349958543258693,9.77543137460364e-05,63098.4106969887,7090.70683428587,94273.9319161358,94831.8,0.0266890063619634,
C3,Chp2 1,Δ chp2,2,YES,1.80228800884169,0.00467608915493219,9.83136856344898e-05,60538.3899851189,7050.36309122745,106094.096005961,106626.1999998,0.0233316047019266,
D3,Chp2 2,Δ chp2,1,YES,1.67340510753607,0.00254006727816073,0.000100456764490774,64594.0193697064,6899.95526009204,91754.8613329387,92098.2,0.0233937335616427,
E3,Chp2 2,Δ chp2,2,YES,1.7397066461315,0.003593027489897,9.83925507467016e-05,62813.7916502852,7044.71197564905,98474.2510082663,98698.5,0.0206508624157653,
F3,Chp2 3,Δ chp2,1,YES,1.75561231693202,0.00408277538076546,9.42117743866684e-05,64338.7490666071,7357.33070598053,96726.6353589473,97321.5,0.0252685583623083,
G3,Chp2 3,Δ chp2,2,YES,1.65374959483441,0.00233839809365644,9.94660356329374e-05,65951.3502351581,6968.68208478609,88448.6046661126,88832.7,0.0201779563463611,
B4,Ago1 1,Δ ago1,1,YES,2.09242894370555,0.0124716312803297,5.1344564235184e-05,99653.1211883214,13499.9135913391,53690.0513728122,54079.5399996,0.0119648325122892,
C4,Ago1 1,Δ ago1,2,YES,2.09533952915887,0.0150432507689498,5.39141918077498e-05,91429.2879497009,12856.4883812338,66099.2416455031,66079.2,0.00684577586330999,
D4,Ago1 2,Δ ago1,1,YES,2.08242972670139,0.0120313871456068,5.8268494530106e-05,88349.2445324113,11895.7454821801,69874.2665023352,69864.9199998,0.00503708696595334,
E4,Ago1 2,Δ ago1,2,YES,2.0354010778679,0.00772480006454983,6.40903292453801e-05,86911.8609685414,10815.1602390139,69736.5894518767,69433.5699999,0.00864625431940012,
F4,Ago1 3,Δ ago1,1,YES,1.93042678401052,0.00978460344927009,6.65381696821508e-05,79347.009840003,10417.2865570404,79123.9083364663,78959.4400002,0.0108202625459537,
G4,Ago1 3,Δ ago1,2,YES,1.90603906396045,0.0100774670119,6.35775114413747e-05,82374.7165710019,10902.3955931195,73133.2517966415,73169.4,0.0100177163135519,
B5,Wt 1,wt,1,YES,1.8429532183455,0.00287695955824523,0.000100801000457027,64094.8823711289,6876.39187525171,101965.383070604,103315.5,0.0301195010902855,
C5,Wt 1,wt,2,YES,1.88244926541119,0.00353996703987727,9.94060216935622e-05,63118.2015314285,6972.88925510672,105982.24992437,106349.1,0.0226322005928669,
D5,Wt 2,wt,1,YES,1.80365538990032,0.00572923515696544,0.00010024772552542,57346.0103151776,6914.34321254685,111902.498599043,112644,0.0255556136896,
E5,Wt 2,wt,2,YES,1.84135556402159,0.00370521274055012,0.000107954126957899,57492.0343437665,6420.75666852706,113981.557712165,114342.3,0.0206416456705177,
F5,Wt 3,wt,1,YES,1.87778562136974,0.00545432790675879,9.83510818957145e-05,59364.1686189762,7047.68231522777,112730.875542013,113191.1599998,0.0231693276859111,
G5,Wt 3,wt,2,YES,1.82042275289284,0.00234288958974985,0.000108925793844748,61088.8471237945,6363.48064213227,106158.547341014,106363.8,0.0175848667630377,
B7,Rdp1 1,Δ rdp1,1,Ethanol 4%,1.50776950534022,0.00170326016338488,6.26201824486937e-05,108347.053168435,11069.0699620343,26408.9807358267,26316.9,0.00522623210506952,
C7,Rdp1 1,Δ rdp1,2,Ethanol 4%,1.90729512480205,0.00868890602562318,5.21809180422365e-05,103233.681708403,13283.5374800975,43744.9727202991,43638.9,0.00587332332939222,
D7,Rdp1 2,Δ rdp1,1,Ethanol 4%,1.94973511831149,0.00661531583357406,5.35532539016969e-05,106112.367605649,12943.1384661014,40323.0423134781,40550.1,0.00587991181896916,
E7,Rdp1 2,Δ rdp1,2,Ethanol 4%,1.71742499009958,0.0031886050570962,5.90861981401315e-05,106406.227965718,11731.1183047528,33342.2239917327,33051.3,0.00751936390625396,
F7,Rdp1 3,Δ rdp1,1,Ethanol 4%,1.76516645498608,0.00369703563315275,5.660682954525e-05,108933.363134652,12244.9391023721,32135.3896332366,32162.4,0.00393537449799022,
G7,Rdp1 3,Δ rdp1,2,Ethanol 4%,1.67989219225743,0.00295584575816286,6.16547320194941e-05,102845.941814266,11242.4003455369,36146.338228814,35922.9,0.00704669117361767,
B8,Chp2 1,Δ chp2,1,Ethanol 4%,1.48687876011202,0.00127191849478343,9.47276065757867e-05,74561.708927262,7317.26690471583,66878.5538846243,67982.4,0.0294642439462767,
C8,Chp2 1,Δ chp2,2,Ethanol 4%,1.74521842872788,0.00307975210511183,8.88748216497907e-05,71314.0070033678,7799.14004543691,84157.5515849396,84787.2,0.0248308934162779,
D8,Chp2 2,Δ chp2,1,Ethanol 4%,1.70912568607331,0.00310086170764073,8.67424934915605e-05,72746.8277897649,7990.86068038134,80041.7564033096,80771.4,0.0260310819060486,
E8,Chp2 2,Δ chp2,2,Ethanol 4%,1.76745663054338,0.00292157047806125,8.71541044324647e-05,73473.5472030141,7953.12148605763,81506.5626228245,81706.8,0.0213779062688474,
F8,Chp2 3,Δ chp2,1,Ethanol 4%,1.64139047740682,0.0021915511723105,9.02856078746232e-05,73293.5570428528,7677.27212428472,75935.1734529239,76213.2,0.0212566559196182,
G8,Chp2 3,Δ chp2,2,Ethanol 4%,1.70053079037295,0.00238112579606099,8.78619407079101e-05,74773.2300509046,7889.04928544951,76241.9583039711,76406.7,0.0232378338711978,
B9,Ago1 1,Δ ago1,1,Ethanol 4%,1.57531268883485,0.00299847564912757,5.65041968256608e-05,110827.162288901,12267.1804839311,26833.8301053882,26703.3,0.00503322648080762,
C9,Ago1 1,Δ ago1,2,Ethanol 4%,2.02080266160875,0.0123642838758747,4.68978570245299e-05,108540.157518201,14779.9329124441,41957.951333753,41716.5,0.00812370940590011,
D9,Ago1 2,Δ ago1,1,Ethanol 4%,1.8005054043073,0.00261505145205416,6.47834532478301e-05,100844.97089526,10699.4478653106,40672.1237899423,40722,0.00603847226191547,
E9,Ago1 2,Δ ago1,2,Ethanol 4%,1.86855356102462,0.00395790266277113,6.00048193842011e-05,102576.514890332,11551.5251553685,41045.3368646075,40780.8,0.00733912274053446,
F9,Ago1 3,Δ ago1,1,Ethanol 4%,1.8287754333068,0.00209249747963507,7.22051191423396e-05,93786.9608033486,9599.69582203068,50512.303784777,50244.6,0.00802207630037175,
G9,Ago1 3,Δ ago1,2,Ethanol 4%,1.7950927129351,0.00459120862615974,6.39788938658504e-05,93251.1858590809,10833.9975682187,51693.8449898441,51234.6,0.0116551704330696,
B10,Wt 1,wt,1,Ethanol 4%,1.38983861672955,0.000241335317362395,0.000103231195484267,83873.2630394306,6714.51277211627,49713.6435113754,50051.1,0.0182382147348012,
C10,Wt 1,wt,2,Ethanol 4%,1.4418225231288,0.000102611618507798,0.000111336720437323,85779.3918949833,6225.68347475397,48777.0872789853,49277.1,0.0168908591743982,
D10,Wt 2,wt,1,Ethanol 4%,1.62471476982214,0.00158299902069611,9.73472024702518e-05,71217.1630584498,7120.36055449835,78419.6518499098,79012.8,0.0213124802121591,
E10,Wt 2,wt,2,Ethanol 4%,1.69736762387188,0.0011668683946611,0.000101144793424573,71994.0429772305,6853.01889589447,80592.0439502137,80763.6,0.0168379437569123,
F10,Wt 3,wt,1,Ethanol 4%,1.62060038036347,0.000602003019196091,9.98915449621658e-05,79062.4796922287,6938.99749796118,65650.9804245659,66151.5,0.0197767088145389,
G10,Wt 3,wt,2,Ethanol 4%,1.57645297109917,0.00060546897412359,9.93434069730682e-05,79162.7819111537,6977.28416690859,63714.7732955134,63965.1,0.0162736889350012,
